run_label,usage_status,note
grid_001,not_captured_in_notebook,Token/credit usage must be filled from client-specific usage APIs if available.
grid_002,not_captured_in_notebook,Token/credit usage must be filled from client-specific usage APIs if available.
grid_003,not_captured_in_notebook,Token/credit usage must be filled from client-specific usage APIs if available.
grid_004,not_captured_in_notebook,Token/credit usage must be filled from client-specific usage APIs if available.
grid_005,not_captured_in_notebook,Token/credit usage must be filled from client-specific usage APIs if available.
grid_006,not_captured_in_notebook,Token/credit usage must be filled from client-specific usage APIs if available.
grid_007,not_captured_in_notebook,Token/credit usage must be filled from client-specific usage APIs if available.
grid_008,not_captured_in_notebook,Token/credit usage must be filled from client-specific usage APIs if available.
grid_009,not_captured_in_notebook,Token/credit usage must be filled from client-specific usage APIs if available.
grid_010,not_captured_in_notebook,Token/credit usage must be filled from client-specific usage APIs if available.
grid_011,not_captured_in_notebook,Token/credit usage must be filled from client-specific usage APIs if available.
grid_012,not_captured_in_notebook,Token/credit usage must be filled from client-specific usage APIs if available.
grid_013,not_captured_in_notebook,Token/credit usage must be filled from client-specific usage APIs if available.
grid_014,not_captured_in_notebook,Token/credit usage must be filled from client-specific usage APIs if available.
grid_015,not_captured_in_notebook,Token/credit usage must be filled from client-specific usage APIs if available.
grid_016,not_captured_in_notebook,Token/credit usage must be filled from client-specific usage APIs if available.
grid_017,not_captured_in_notebook,Token/credit usage must be filled from client-specific usage APIs if available.
grid_018,not_captured_in_notebook,Token/credit usage must be filled from client-specific usage APIs if available.
grid_019,not_captured_in_notebook,Token/credit usage must be filled from client-specific usage APIs if available.
grid_020,not_captured_in_notebook,Token/credit usage must be filled from client-specific usage APIs if available.
grid_021,not_captured_in_notebook,Token/credit usage must be filled from client-specific usage APIs if available.
grid_022,not_captured_in_notebook,Token/credit usage must be filled from client-specific usage APIs if available.
grid_023,not_captured_in_notebook,Token/credit usage must be filled from client-specific usage APIs if available.
grid_024,not_captured_in_notebook,Token/credit usage must be filled from client-specific usage APIs if available.
grid_025,not_captured_in_notebook,Token/credit usage must be filled from client-specific usage APIs if available.
grid_026,not_captured_in_notebook,Token/credit usage must be filled from client-specific usage APIs if available.
grid_027,not_captured_in_notebook,Token/credit usage must be filled from client-specific usage APIs if available.
grid_028,not_captured_in_notebook,Token/credit usage must be filled from client-specific usage APIs if available.
grid_029,not_captured_in_notebook,Token/credit usage must be filled from client-specific usage APIs if available.
grid_030,not_captured_in_notebook,Token/credit usage must be filled from client-specific usage APIs if available.
grid_031,not_captured_in_notebook,Token/credit usage must be filled from client-specific usage APIs if available.
grid_032,not_captured_in_notebook,Token/credit usage must be filled from client-specific usage APIs if available.
grid_033,not_captured_in_notebook,Token/credit usage must be filled from client-specific usage APIs if available.
grid_034,not_captured_in_notebook,Token/credit usage must be filled from client-specific usage APIs if available.
grid_035,not_captured_in_notebook,Token/credit usage must be filled from client-specific usage APIs if available.
grid_036,not_captured_in_notebook,Token/credit usage must be filled from client-specific usage APIs if available.
grid_037,not_captured_in_notebook,Token/credit usage must be filled from client-specific usage APIs if available.
grid_038,not_captured_in_notebook,Token/credit usage must be filled from client-specific usage APIs if available.
grid_039,not_captured_in_notebook,Token/credit usage must be filled from client-specific usage APIs if available.
grid_040,not_captured_in_notebook,Token/credit usage must be filled from client-specific usage APIs if available.
